scorpio,22.71%,5.83%
scorpio,22.71%,4.23%
scorpio,22.71%,4.02%
scorpio,22.71%,65.79%
scorpio,22.71%,60.11%
scorpio,22.71%,73.24%
scorpio,22.71%,85.62%
scorpio,22.71%,73.68%
scorpio,22.71%,65.50%
scorpio,22.71%,67.53%
scorpio,22.71%,70.53%
scorpio,22.71%,82.04%
scorpio,22.71%,87.63%
scorpio,22.71%,78.72%
scorpio,22.71%,65.66%
scorpio,22.71%,66.80%
scorpio,22.72%,80.30%
scorpio,22.72%,62.46%
scorpio,22.72%,87.64%
scorpio,22.72%,60.80%
scorpio,22.72%,51.55%
scorpio,22.72%,70.22%
scorpio,22.72%,72.20%
scorpio,22.72%,69.58%
scorpio,22.72%,62.69%
scorpio,22.72%,53.68%
scorpio,22.72%,55.64%
scorpio,22.72%,61.65%
scorpio,22.72%,63.55%
scorpio,22.72%,66.99%
scorpio,22.71%,67.55%
scorpio,22.71%,74.48%
scorpio,22.71%,81.78%
scorpio,22.71%,75.20%
scorpio,22.71%,50.77%
scorpio,22.71%,92.67%
scorpio,22.71%,59.01%
scorpio,22.71%,63.04%
scorpio,22.71%,79.01%
scorpio,22.71%,80.51%
scorpio,22.71%,57.90%
scorpio,22.71%,71.24%
scorpio,22.71%,71.33%
scorpio,22.71%,72.01%
scorpio,22.71%,119.71%
scorpio,22.71%,109.91%
scorpio,22.71%,91.52%
scorpio,22.71%,111.52%
scorpio,22.71%,106.82%
scorpio,22.71%,103.45%
scorpio,22.71%,134.52%
scorpio,22.71%,144.36%
scorpio,22.71%,57.45%
scorpio,22.71%,110.21%
scorpio,22.71%,84.62%
scorpio,22.71%,98.05%
scorpio,22.71%,121.37%
scorpio,22.71%,111.75%
scorpio,22.71%,89.05%
scorpio,22.71%,6.91%
scorpio,22.71%,57.24%
scorpio,22.71%,59.93%
scorpio,22.71%,22.00%
scorpio,22.71%,5.26%
scorpio,22.71%,166.90%
scorpio,22.71%,139.54%
scorpio,22.71%,155.67%
scorpio,22.70%,155.63%
scorpio,22.70%,71.76%
scorpio,22.70%,60.95%
scorpio,22.70%,82.01%
scorpio,22.70%,59.55%
scorpio,22.70%,57.12%
scorpio,22.71%,66.19%
scorpio,22.70%,75.11%
scorpio,22.70%,57.61%
scorpio,22.70%,51.57%
scorpio,22.71%,71.19%
scorpio,22.70%,70.15%
scorpio,22.71%,55.70%
scorpio,22.70%,96.63%
scorpio,22.70%,83.94%
scorpio,22.70%,56.05%
scorpio,22.70%,113.75%
scorpio,22.70%,101.52%
scorpio,22.70%,82.49%
scorpio,22.70%,129.94%
scorpio,22.70%,118.11%
scorpio,22.70%,78.63%
scorpio,22.70%,65.96%
scorpio,22.70%,69.84%
scorpio,22.69%,69.30%
scorpio,22.70%,69.74%
scorpio,22.70%,50.92%
scorpio,22.70%,56.50%
scorpio,22.69%,6.56%
scorpio,22.69%,7.11%
scorpio,22.69%,6.40%
scorpio,22.69%,6.82%
scorpio,22.69%,4.44%
scorpio,22.69%,4.21%
scorpio,22.69%,7.75%
scorpio,22.69%,7.97%
scorpio,22.69%,6.37%
scorpio,22.69%,6.86%
scorpio,22.70%,8.91%
scorpio,22.69%,5.89%
scorpio,22.69%,7.46%
scorpio,22.70%,7.79%
scorpio,22.70%,7.48%
scorpio,22.70%,6.57%
scorpio,22.70%,6.47%
scorpio,22.70%,7.59%
scorpio,22.70%,7.26%
scorpio,22.70%,7.54%
scorpio,22.70%,6.77%
scorpio,22.70%,6.12%
scorpio,22.70%,7.30%
scorpio,22.70%,4.91%
scorpio,22.70%,3.66%
scorpio,22.70%,4.04%
scorpio,22.70%,4.96%
